{"name":"20db2fc2-1b67-4c77-b0e4-2dd42e611538","id":"/providers/Microsoft.Flow/flows/20db2fc2-1b67-4c77-b0e4-2dd42e611538","type":"Microsoft.Flow/flows","properties":{"apiId":"/providers/Microsoft.PowerApps/apis/shared_logicflows","displayName":"Post to a channel when a webhook request is received text\n1. Parse JSON\n   └─ Content: triggerOutputs()?['body']\n   └─ Schema: [Use the schema from the documentation file]\n\n2. Apply to each - Action Items\n   └─ Input: body('Parse_JSON')?['actionItems']\n  ","definition":{"metadata":{"workflowEntityId":null,"processAdvisorMetadata":null,"flowChargedByPaygo":null,"flowclientsuspensionreason":"None","flowclientsuspensiontime":null,"flowclientsuspensionreasondetails":null,"creator":{"id":"29f13b9e-2e28-484e-ba5d-971bbbfd79ba","type":"User","tenantId":"2131d362-e12d-44c1-843b-a1413d6b96a3"},"provisioningMethod":"FromDefinition","failureAlertSubscription":true,"clientLastModifiedTime":"2025-11-14T08:16:47.8564366Z","connectionKeySavedTimeKey":"2025-11-14T08:16:47.8564366Z","creationSource":"Portal","modifiedSources":"Portal;Teams"},"$schema":"https://schema.management.azure.com/providers/Microsoft.Logic/schemas/2016-06-01/workflowdefinition.json#","contentVersion":"1.0.0.0","parameters":{"$authentication":{"defaultValue":{},"type":"SecureObject"},"$connections":{"defaultValue":{},"type":"Object"}},"triggers":{"manual":{"metadata":{},"type":"Request","kind":"Http","inputs":{"schema":{"type":"object","properties":{"type":{"type":"string"},"attachments":{"type":"array","items":{"type":"object","properties":{"contentType":{"type":"string"},"content":{"type":"object","properties":{"$schema":{"type":"string"},"type":{"type":"string"},"version":{"type":"string"},"body":{"type":"array","items":{"type":"object","properties":{"type":{"type":"string"}},"required":["type"]}}}}},"required":["contentType","content"]}}}},"triggerAuthenticationType":"All"}}},"actions":{"Foreach":{"foreach":"@outputs('Parse_JSON')?['actionItems']","actions":{"Create_a_task":{"type":"OpenApiConnection","inputs":{"parameters":{"body/groupId":"6cdbd2a2-7e69-492e-ad7e-a617ed1c6597","body/planId":"2131d362-e12d-44c1-843b-a1413d6b96a3","body/title":"@{items('Foreach')}"},"host":{"apiId":"/providers/Microsoft.PowerApps/apis/shared_planner","connectionName":"shared_planner","operationId":"CreateTask_V3"},"authentication":"@parameters('$authentication')"}}},"runAfter":{"For_each":["Succeeded"]},"type":"Foreach"},"Foreach_2":{"foreach":"@outputs('Parse_JSON')?['analysis/missingInformation']","actions":{"Create_a_task_2":{"type":"OpenApiConnection","inputs":{"parameters":{"body/groupId":"6cdbd2a2-7e69-492e-ad7e-a617ed1c6597","body/planId":"2131d362-e12d-44c1-843b-a1413d6b96a3","body/title":"@{items('Foreach_2')}"},"host":{"apiId":"/providers/Microsoft.PowerApps/apis/shared_planner","connectionName":"shared_planner","operationId":"CreateTask_V3"},"authentication":"@parameters('$authentication')"}}},"runAfter":{"Foreach":["Succeeded"]},"type":"Foreach"},"For_each":{"foreach":"@triggerOutputs()?['body']?['body/value']","actions":{"Parse_JSON":{"type":"Compose","inputs":"@item()"}},"runAfter":{"Get_messages":["Succeeded"]},"type":"Foreach"},"Get_messages":{"runAfter":{},"type":"OpenApiConnection","inputs":{"parameters":{"groupId":"6cdbd2a2-7e69-492e-ad7e-a617ed1c6597","channelId":"19:230afca966a74206bd4ff42731284dbb@thread.tacv2"},"host":{"apiId":"/providers/Microsoft.PowerApps/apis/shared_teams","connectionName":"shared_teams","operationId":"GetMessagesFromChannel"},"authentication":"@parameters('$authentication')"}}},"outputs":{}},"connectionReferences":{"shared_planner":{"connectionName":"shared-planner-e84258e0-5be8-4c12-a1bc-ffbc65fff73d","source":"Embedded","id":"/providers/Microsoft.PowerApps/apis/shared_planner","tier":"NotSpecified","apiName":"planner","isProcessSimpleApiReferenceConversionAlreadyDone":false},"shared_teams":{"connectionName":"shared-teams-6d532f50-ce22-4d8d-b047-89253c30bb92","source":"Embedded","id":"/providers/Microsoft.PowerApps/apis/shared_teams","tier":"NotSpecified","apiName":"teams","isProcessSimpleApiReferenceConversionAlreadyDone":false}},"flowFailureAlertSubscribed":false,"isManaged":false}}