{
    "name": "Scope Mapper \u2013 Create Planner Tasks from Webhook",
    "properties": {
        "definition": {
            "$schema": "https://schema.management.azure.com/providers/Microsoft.Logic/schemas/2016-06-01/workflowdefinition.json#",
            "actions": {
                "Initialize_TeamID": {
                    "type": "InitializeVariable",
                    "inputs": {
                        "variables": [
                            {
                                "name": "TeamID",
                                "type": "String",
                                "value": "6cdbd2a2-7e69-492e-ad7e-a617ed1c6597"
                            }
                        ]
                    }
                },
                "Initialize_PlanID": {
                    "type": "InitializeVariable",
                    "inputs": {
                        "variables": [
                            {
                                "name": "PlanID",
                                "type": "String",
                                "value": "<UPDATE_PLAN_ID>"
                            }
                        ]
                    }
                },
                "Initialize_ActionItemsBucketID": {
                    "type": "InitializeVariable",
                    "inputs": {
                        "variables": [
                            {
                                "name": "ActionItemsBucketID",
                                "type": "String",
                                "value": "<UPDATE_BUCKET_ID>"
                            }
                        ]
                    }
                },
                "Initialize_MissingInfoBucketID": {
                    "type": "InitializeVariable",
                    "inputs": {
                        "variables": [
                            {
                                "name": "MissingInfoBucketID",
                                "type": "String",
                                "value": "<UPDATE_BUCKET_ID>"
                            }
                        ]
                    }
                },
                "Initialize_ProjectTitle": {
                    "type": "InitializeVariable",
                    "inputs": {
                        "variables": [
                            {
                                "name": "ProjectTitle",
                                "type": "String",
                                "value": "@{triggerBody()?['scopeDocument']?['title']}"
                            }
                        ]
                    }
                }
            },
            "triggers": {
                "manual": {
                    "type": "Request",
                    "kind": "Http",
                    "inputs": {
                        "schema": {
                            "type": "object",
                            "properties": {
                                "timestamp": {
                                    "type": "string"
                                },
                                "scopeDocument": {
                                    "type": "object",
                                    "properties": {
                                        "title": {
                                            "type": "string"
                                        },
                                        "rawText": {
                                            "type": "string"
                                        }
                                    }
                                },
                                "analysis": {
                                    "type": "object"
                                },
                                "workflows": {
                                    "type": "object"
                                },
                                "actionItems": {
                                    "type": "array"
                                },
                                "metadata": {
                                    "type": "object"
                                }
                            }
                        }
                    }
                }
            }
        }
    }
}